,Unnamed: 0,Symbol,Security,SEC filings,GICS Sector,GICS Sub-Industry,Headquarters Location,Date first added,CIK,Founded,Annual Return
0,0,MMM,3M,reports,Industrials,Industrial Conglomerates,"Saint Paul, Minnesota",1976-08-09,66740,1902,9.706708081954483
1,1,ABT,Abbott Laboratories,reports,Health Care,Health Care Equipment,"North Chicago, Illinois",1964-03-31,1800,1888,42.944580458490975
2,2,ABBV,AbbVie,reports,Health Care,Pharmaceuticals,"North Chicago, Illinois",2012-12-31,1551152,2013 (1888),24.63505594033032
3,3,ABMD,Abiomed,reports,Health Care,Health Care Equipment,"Danvers, Massachusetts",2018-05-31,815094,1981,44.46579800648494
4,4,ACN,Accenture,reports,Information Technology,IT Consulting & Other Services,"Dublin, Ireland",2011-07-06,1467373,1989,78.05649776696734
5,5,ATVI,Activision Blizzard,reports,Communication Services,Interactive Home Entertainment,"Santa Monica, California",2015-08-31,718877,2008,0.37447789140139837
6,6,ADBE,Adobe,reports,Information Technology,Application Software,"San Jose, California",1997-05-05,796343,1982,67.37083144237289
7,7,AMD,Advanced Micro Devices,reports,Information Technology,Semiconductors,"Santa Clara, California",,2488,1969,178.51224105461392
8,8,AAP,Advance Auto Parts,reports,Consumer Discretionary,Automotive Retail,"Raleigh, North Carolina",2015-07-09,1158449,1932,63.6139449956232
9,9,AES,AES Corp,reports,Utilities,Independent Power Producers & Energy Traders,"Arlington, Virginia",1998-10-02,874761,1981,72.86713286713285
10,10,AFL,Aflac,reports,Financials,Life & Health Insurance,"Columbus, Georgia",1999-05-28,4977,1955,40.661238588699725
11,11,A,Agilent Technologies,reports,Health Care,Health Care Equipment,"Santa Clara, California",2000-06-05,1090872,1999,78.00398318211994
12,12,APD,Air Products & Chemicals,reports,Materials,Industrial Gases,"Allentown, Pennsylvania",1985-04-30,2969,1940,24.708343390457795
13,13,AKAM,Akamai Technologies,reports,Information Technology,Internet Services & Infrastructure,"Cambridge, Massachusetts",2007-07-12,1086222,1998,12.63636363636364
14,14,ALK,Alaska Air Group,reports,Industrials,Airlines,"Seattle, Washington",2016-05-13,766421,1985,30.26685393258427
15,15,ALB,Albemarle Corporation,reports,Materials,Specialty Chemicals,"Charlotte, North Carolina",2016-07-01,915913,1994,227.83772980666586
16,16,ARE,Alexandria Real Estate Equities,reports,Real Estate,Office REITs,"Pasadena, California",2017-03-20,1035443,1994,29.610946465729246
17,17,ALGN,Align Technology,reports,Health Care,Health Care Supplies,"San Jose, California",2017-06-19,1097149,1997,138.64543696073832
18,18,ALLE,Allegion,reports,Industrials,Building Products,"New York City, New York",2013-12-02,1579241,1908,17.191148677936724
19,19,LNT,Alliant Energy,reports,Utilities,Electric Utilities,"Madison, Wisconsin",2016-07-01,352541,1917,9.182464454976301
20,20,ALL,Allstate Corp,reports,Financials,Property & Casualty Insurance,"Northfield Township, Illinois",1995-07-13,899051,1931,8.760785057362279
21,21,GOOGL,Alphabet (Class A),reports,Communication Services,Interactive Media & Services,"Mountain View, California",2014-04-03,1652044,1998,106.4943555437514
22,22,GOOG,Alphabet (Class C),reports,Communication Services,Interactive Media & Services,"Mountain View, California",2006-04-03,1652044,1998,108.07360237436582
23,23,MO,Altria Group,reports,Consumer Staples,Tobacco,"Richmond, Virginia",1957-03-04,764180,1985,7.182056788356014
24,24,AMZN,Amazon,reports,Consumer Discretionary,Internet & Direct Marketing Retail,"Seattle, Washington",2005-11-18,1018724,1994,41.971401530406766
25,25,AMCR,Amcor,reports,Materials,Paper Packaging,"Zurich, Switzerland",2019-06-07,1748790,2019 (1860),35.894621295279926
26,26,AEE,Ameren Corp,reports,Utilities,Multi-Utilities,"St. Louis, Missouri",1991-09-19,1002910,1902,11.868219105583487
27,27,AAL,American Airlines Group,reports,Industrials,Airlines,"Fort Worth, Texas",2015-03-23,6201,1934,9.144701452393758
28,28,AEP,American Electric Power,reports,Utilities,Electric Utilities,"Columbus, Ohio",1957-03-04,4904,1906,-4.081393989007144
29,29,AXP,American Express,reports,Financials,Consumer Finance,"New York City, New York",1976-06-30,4962,1850,65.76141438075274
30,30,AIG,American International Group,reports,Financials,Property & Casualty Insurance,"New York City, New York",1980-03-31,5272,1919,60.09350935093509
31,31,AMT,American Tower,reports,Real Estate,Specialized REITs,"Boston, Massachusetts",2007-11-19,1053507,1995,2.7218844530980912
32,32,AWK,American Water Works,reports,Utilities,Water Utilities,"Camden, New Jersey",2016-03-04,1410636,1886,29.781096077835215
33,33,AMP,Ameriprise Financial,reports,Financials,Asset Management & Custody Banks,"Minneapolis, Minnesota",2005-10-03,820027,1894,98.3222858955913
34,34,ABC,AmerisourceBergen,reports,Health Care,Health Care Distributors,"Chesterbrook, Pennsylvania",2001-08-30,1140859,1985,26.644437708396488
35,35,AME,Ametek,reports,Industrials,Electrical Components & Equipment,"Berwyn, Pennsylvania",2013-09-23,1037868,1930,79.88968834166985
36,36,AMGN,Amgen,reports,Health Care,Biotechnology,"Thousand Oaks, California",1992-01-02,318154,1980,-6.327823813533035
37,37,APH,Amphenol,reports,Information Technology,Electronic Components,"Wallingford, Connecticut",2008-09-30,820313,1932,57.04672897196261
38,38,ADI,Analog Devices,reports,Information Technology,Semiconductors,"Wilmington, Massachusetts",1999-10-12,6281,1965,48.31847660325868
39,39,ANSS,Ansys,reports,Information Technology,Application Software,"Canonsburg, Pennsylvania",2017-06-19,1013462,1969,35.53095691695066
40,40,ANTM,Anthem,reports,Health Care,Managed Health Care,"Indianapolis, Indiana",2002-07-25,1156039,2014 (1946),51.79755976944111
41,41,AON,Aon,reports,Financials,Insurance Brokers,"London, UK",1996-04-23,315293,1982 (1919),50.01998001998001
42,42,AOS,A. O. Smith,reports,Industrials,Building Products,"Milwaukee, Wisconsin",2017-07-26,91142,1916,57.86538461538463
43,43,APA,APA Corporation,reports,Energy,Oil & Gas Exploration & Production,"Houston, Texas",1997-07-28,6769,1954,83.26073428749223
44,44,AAPL,Apple,reports,Information Technology,"Technology Hardware, Storage & Peripherals","Cupertino, California",1982-11-30,320193,1977,80.98342081447966
45,45,AMAT,Applied Materials,reports,Information Technology,Semiconductor Equipment,"Santa Clara, California",1995-03-16,6951,1967,160.54163482306032
46,46,APTV,Aptiv,reports,Consumer Discretionary,Auto Parts & Equipment,"Dublin, Ireland",2012-12-24,1521332,1994,98.60221316249273
47,47,ADM,ADM,reports,Consumer Staples,Agricultural Products,"Chicago, Illinois",1981-07-29,7084,1902,55.05644402634055
48,48,ANET,Arista Networks,reports,Information Technology,Communications Equipment,"Santa Clara, California",2018-08-28,1596532,2004,123.58293574860751
49,49,AJG,Arthur J. Gallagher & Co.,reports,Financials,Insurance Brokers,"Rolling Meadows, Illinois",2016-05-31,354190,1927,64.98755599800894
50,50,AIZ,Assurant,reports,Financials,Multi-line Insurance,"New York City, New York",2007-04-10,1267238,1892,39.46727019498607
51,51,T,AT&T,reports,Communication Services,Integrated Telecommunication Services,"Dallas, Texas",1983-11-30 (1957-03-04),732717,1983 (1885),-23.893805309734518
52,52,ATO,Atmos Energy,reports,Utilities,Gas Utilities,"Dallas, Texas",2019-02-15,731802,1906,-8.705634746005925
53,53,ADSK,Autodesk,reports,Information Technology,Application Software,"San Rafael, California",1989-12-01,769397,1982,40.909672632336125
54,54,ADP,Automatic Data Processing,reports,Information Technology,Data Processing & Outsourced Services,"Roseland, New Jersey",1981-03-31,8670,1949,44.21406981827266
55,55,AZO,AutoZone,reports,Consumer Discretionary,Specialty Stores,"Memphis, Tennessee",1997-01-02,866787,1979,63.461379656418536
56,56,AVB,AvalonBay Communities,reports,Real Estate,Residential REITs,"Arlington, Virginia[3]",2007-01-10,915912,1978,39.56221553071978
57,57,AVY,Avery Dennison,reports,Materials,Paper Packaging,"Glendale, California",1987-12-31,8818,1990,82.60622770029192
58,58,BKR,Baker Hughes,reports,Energy,Oil & Gas Equipment & Services,"Houston, Texas",2017-07-07,1701605,2017,37.23943661971831
59,59,BLL,Ball Corp,reports,Materials,Metal & Glass Containers,"Broomfield, Colorado",1984-10-31,9389,1880,26.565670228594595
60,60,BAC,Bank of America,reports,Financials,Diversified Banks,"Charlotte, North Carolina",1976-06-30,70858,1998 (1923 / 1874),66.88011383849164
61,61,BBWI,Bath & Body Works,reports,Consumer Discretionary,Specialty Stores,"Columbus, Ohio",1983-09-30,701985,1963,395.660897752143
62,62,BAX,Baxter International,reports,Health Care,Health Care Equipment,"Deerfield, Illinois",1972-09-30,10456,1931,-7.118644067796614
63,63,BDX,Becton Dickinson,reports,Health Care,Health Care Equipment,"Franklin Lakes, New Jersey",1972-09-30,10795,1897,0.8222842371093906
64,64,BRK.B,Berkshire Hathaway,reports,Financials,Multi-Sector Holdings,"Omaha, Nebraska",2010-02-16,1067983,1839,42.524663610086705
65,65,BBY,Best Buy,reports,Consumer Discretionary,Computer & Electronics Retail,"Richfield, Minnesota",1999-06-29,764478,1966,64.34023991275899
66,66,BIO,Bio-Rad Laboratories,reports,Health Care,Life Sciences Tools & Services,"Hercules, California",2020-06-22,12208,1952,67.12632518178918
67,67,TECH,Bio-Techne,reports,Health Care,Life Sciences Tools & Services,"Minneapolis, Minnesota",2021-08-30,842023,1976,96.62484202294965
68,68,BIIB,Biogen,reports,Health Care,Biotechnology,"Cambridge, Massachusetts",2003-11-13,875045,1978,-11.831641236306746
69,69,BLK,BlackRock,reports,Financials,Asset Management & Custody Banks,"New York City, New York",2011-04-04,1364742,1988,74.5620070133502
70,70,BK,BNY Mellon,reports,Financials,Asset Management & Custody Banks,"New York City, New York",1995-03-31,1390777,1784,42.03309692671395
71,71,BA,Boeing,reports,Industrials,Aerospace & Defense,"Chicago, Illinois",1957-03-04,12927,1916,7.559762817493205
72,72,BKNG,Booking Holdings,reports,Consumer Discretionary,Internet & Direct Marketing Retail,"Norwalk, Connecticut",2009-11-06,1075531,1996,35.252994884516525
73,73,BWA,BorgWarner,reports,Consumer Discretionary,Auto Parts & Equipment,"Auburn Hills, Michigan",2011-12-19,908255,1880,29.39125770984178
74,74,BXP,Boston Properties,reports,Real Estate,Office REITs,"Boston, Massachusetts",2006-04-03,1037540,1970,15.640925127401012
75,75,BSX,Boston Scientific,reports,Health Care,Health Care Equipment,"Marlborough, Massachusetts[4]",1995-02-24,885725,1979,8.344063868143195
76,76,BMY,Bristol Myers Squibb,reports,Health Care,Health Care Distributors,"New York City, New York",1957-03-04,14272,1989,-3.0979944562204444
77,77,AVGO,Broadcom,reports,Information Technology,Semiconductors,"San Jose, California",2014-05-08,1730168,1961,77.62709340315041
78,78,BR,Broadridge Financial Solutions,reports,Information Technology,Data Processing & Outsourced Services,"Lake Success, New York",2018-06-18,1383312,1962,39.42527828215048
79,79,BRO,Brown & Brown,reports,Financials,Insurance Brokers,"Daytona Beach, Florida",2021-09-20,79282,1939,50.994617364849056
80,80,BF.B,Brown–Forman,reports,Consumer Staples,Distillers & Vintners,"Louisville, Kentucky",1982-10-31,14693,1870,6.64491248887571
81,81,CHRW,C. H. Robinson,reports,Industrials,Air Freight & Logistics,"Eden Prairie, Minnesota",2007-03-02,1043277,1905,30.908839013577147
82,82,CDNS,Cadence Design Systems,reports,Information Technology,Application Software,"San Jose, California",2017-09-18,813672,1988,98.5120350109409
83,83,CZR,Caesars Entertainment,reports,Consumer Discretionary,Casinos & Gaming,"Reno, Nevada",2021-03-22,1590895,1973,142.17500571167466
84,84,CPB,Campbell Soup,reports,Consumer Staples,Packaged Foods & Meats,"Camden, New Jersey",1957-03-04,16732,1869,-13.76089663760897
85,85,COF,Capital One,reports,Financials,Consumer Finance,"Tysons Corner, Virginia",1998-07-01,927628,1994,98.43077701847636
86,86,CAH,Cardinal Health,reports,Health Care,Health Care Distributors,"Dublin, Ohio",1997-05-27,721371,1971,-10.179849834119095
87,87,KMX,CarMax,reports,Consumer Discretionary,Specialty Stores,"Richmond, Virginia",2010-06-28,1170010,1993,55.12352757218805
88,88,CCL,Carnival Corporation,reports,Consumer Discretionary,"Hotels, Resorts & Cruise Lines","Miami, Florida",1998-12-22,815097,1972,82.23308883455583
89,89,CARR,Carrier Global,reports,Industrials,Building Products,"Palm Beach Gardens, Florida",2020-04-03,1783180,2020 (1915),138.20033955857386
90,90,CTLT,Catalent,reports,Health Care,Pharmaceuticals,"Somerset, New Jersey",2020-09-21,1596783,2007,71.41900937081661
91,91,CAT,Caterpillar,reports,Industrials,Construction Machinery & Heavy Trucks,"Deerfield, Illinois",1957-03-04,18230,1925,54.87714624037893
92,92,CBOE,Cboe Global Markets,reports,Financials,Financial Exchanges & Data,"Chicago, Illinois",2017-03-01,1374310,1973,33.85119582992642
93,93,CBRE,CBRE,reports,Real Estate,Real Estate Services,"Dallas, Texas",2006-11-10,1138118,1906,202.2101033295063
94,94,CDW,CDW,reports,Information Technology,Technology Distributors,"Lincolnshire, Illinois",2019-09-23,1402057,1984,52.449337801180796
95,95,CE,Celanese,reports,Materials,Specialty Chemicals,"Irving, Texas",2018-12-24,1306830,1918,74.09946786737618
96,96,CNC,Centene,reports,Health Care,Managed Health Care,"St. Louis, Missouri",2016-03-30,1071739,1984,16.5105206573491
97,97,CNP,CenterPoint Energy,reports,Utilities,Multi-Utilities,"Houston, Texas",1985-07-31,1130310,1882,45.753424657534254
98,98,CDAY,Ceridian,reports,Information Technology,Application Software,"Minneapolis, Minnesota",2021-09-20,1725057,1992,45.734163310142804
99,99,CERN,Cerner,reports,Health Care,Health Care Technology,"North Kansas City, Missouri",2010-04-30,804753,1979,2.7393507738665934
100,100,CF,CF Industries,reports,Materials,Fertilizers & Agricultural Chemicals,"Deerfield, Illinois",2008-08-27,1324404,1946,97.34107579462102
101,101,CRL,Charles River Laboratories,reports,Health Care,Life Sciences Tools & Services,"Wilmington, Massachusetts",2021-05-14,1100682,1947,116.28090658974988
102,102,SCHW,Charles Schwab,reports,Financials,Investment Banking & Brokerage,"Westlake, Texas",1997-06-02,316709,1971,91.75618869687062
103,103,CHTR,Charter Communications,reports,Communication Services,Cable & Satellite,"Stamford, Connecticut",2016-09-08,1091667,1993,38.340355977129356
104,104,CVX,Chevron,reports,Energy,Integrated Oil & Gas,"San Ramon, California",1957-03-04,93410,1879,13.312171411566315
105,105,CMG,Chipotle Mexican Grill,reports,Consumer Discretionary,Restaurants,"Newport Beach, California",2011-04-28,1058090,1993,76.84582905267708
106,106,CB,Chubb,reports,Financials,Property & Casualty Insurance,"Zurich, Switzerland",2010-07-15,896159,1985,37.08679889102156
107,107,CHD,Church & Dwight,reports,Consumer Staples,Household Products,"Ewing, New Jersey",2015-12-29,313927,1847,21.859330532592484
108,108,CI,Cigna,reports,Health Care,Managed Health Care,"Bloomfield, Connecticut",1976-06-30,1739940,1982,3.938323467634142
109,109,CINF,Cincinnati Financial,reports,Financials,Property & Casualty Insurance,"Fairfield, Ohio",1997-12-18,20286,1950,77.56615295143936
110,110,CTAS,Cintas Corporation,reports,Industrials,Diversified Support Services,"Mason, Ohio",2001-03-01,723254,1929,53.08551483420593
111,111,CSCO,Cisco Systems,reports,Information Technology,Communications Equipment,"San Jose, California",1993-12-01,858877,1984,18.795734894417734
112,112,C,Citigroup,reports,Financials,Diversified Banks,"New York City, New York",1988-05-31,831001,1998,17.499150526673457
113,113,CFG,Citizens Financial Group,reports,Financials,Regional Banks,"Providence, Rhode Island",2016-01-29,759944,1828,68.75213675213675
114,114,CTXS,Citrix Systems,reports,Information Technology,Application Software,"Fort Lauderdale, Florida",1999-12-01,877890,1989,-35.55155842986406
115,115,CLX,Clorox,reports,Consumer Staples,Household Products,"Oakland, California",1969-03-31,21076,1913,-15.95890995804475
116,116,CME,CME Group,reports,Financials,Financial Exchanges & Data,"Chicago, Illinois",2006-08-11,1156375,1848,17.024050171749774
117,117,CMS,CMS Energy,reports,Utilities,Multi-Utilities,"Jackson, Michigan",1999-05-03,811156,1886,0.9421265141319016
118,118,KO,Coca-Cola,reports,Consumer Staples,Soft Drinks,"Atlanta, Georgia",1957-03-04,21344,1886,15.31880220004073
119,119,CTSH,Cognizant Technology Solutions,reports,Information Technology,IT Consulting & Other Services,"Teaneck, New Jersey",2006-11-17,1058290,1994,41.78484953303356
120,120,CL,Colgate-Palmolive,reports,Consumer Staples,Household Products,"New York City, New York",1957-03-04,21665,1806,7.776243093922645
121,121,CMCSA,Comcast,reports,Communication Services,Cable & Satellite,"Philadelphia, Pennsylvania",2002-11-19,1166691,1963,27.108576859111416
122,122,CMA,Comerica,reports,Financials,Diversified Banks,"Dallas, Texas",1995-12-01,28412,1849,94.99121265377855
123,123,CAG,Conagra Brands,reports,Consumer Staples,Packaged Foods & Meats,"Chicago, Illinois",1983-08-31,23217,1919,-3.5008976660682274
124,124,COP,ConocoPhillips,reports,Energy,Oil & Gas Exploration & Production,"Houston, Texas",1957-03-04,1163165,2002,48.91953076764765
125,125,ED,Consolidated Edison,reports,Utilities,Electric Utilities,"New York City, New York",,1047862,1823,2.41603610779239
126,126,STZ,Constellation Brands,reports,Consumer Staples,Distillers & Vintners,"Victor, New York",2005-07-01,16918,1945,24.798809392569733
127,127,COO,The Cooper Companies,reports,Health Care,Health Care Supplies,"San Ramon, California",2016-09-23,711404,1958,31.135803003208306
128,128,CPRT,Copart,reports,Industrials,Diversified Support Services,"Dallas, Texas",2018-07-02,900075,1982,69.51643432803313
129,129,GLW,Corning,reports,Information Technology,Electronic Components,"Corning, New York",,24741,1851,46.62668665667166
130,130,CTVA,Corteva,reports,Materials,Fertilizers & Agricultural Chemicals,"Wilmington, Delaware",2019-06-03,1755672,2019,58.89070146818925
131,131,COST,Costco,reports,Consumer Staples,Hypermarkets & Super Centers,"Issaquah, Washington",1993-10-01,909832,1976,65.73835515516105
132,132,CTRA,Coterra,reports,Energy,Oil & Gas Exploration & Production,"Houston, Texas",2008-06-23,858470,2021 (1989),-1.0
133,133,CCI,Crown Castle,reports,Real Estate,Specialized REITs,"Houston, Texas",2012-03-14,1051470,1994,7.224192928576933
134,134,CSX,CSX,reports,Industrials,Railroads,"Jacksonville, Florida",1967-09-30,277948,1980,40.76982674882431
135,135,CMI,Cummins,reports,Industrials,Industrial Machinery,"Columbus, Indiana",1965-03-31,26172,1919,31.292713254414394
136,136,CVS,CVS Health,reports,Health Care,Health Care Services,"Woonsocket, Rhode Island",1957-03-04,64803,1996,37.556693489392835
137,137,DHI,D. R. Horton,reports,Consumer Discretionary,Homebuilding,"Arlington, Texas",2005-06-22,882184,1978,73.14093484419266
138,138,DHR,Danaher,reports,Health Care,Health Care Equipment,"Washington, D.C.",,313616,1969,75.70859550886105
139,139,DRI,Darden Restaurants,reports,Consumer Discretionary,Restaurants,"Orlando, Florida",,940944,1938,75.54620866923706
140,140,DVA,DaVita,reports,Health Care,Health Care Facilities,"Denver, Colorado",2008-07-31,927066,1979,19.857272315360216
141,141,DE,Deere & Co.,reports,Industrials,Agricultural & Farm Machinery,"Moline, Illinois",1957-03-04,315189,1837,115.24711492322457
142,142,DAL,Delta Air Lines,reports,Industrials,Airlines,"Atlanta, Georgia",2013-09-11,27904,1929,23.59484777517565
143,143,XRAY,Dentsply Sirona,reports,Health Care,Health Care Supplies,"Charlotte, North Carolina",2008-11-14,818479,2016 (1969),9.465922678357911
144,144,DVN,Devon Energy,reports,Energy,Oil & Gas Exploration & Production,"Oklahoma City, Oklahoma",2000-08-30,1090012,1971,191.64383561643834
145,145,DXCM,DexCom,reports,Health Care,Health Care Equipment,"San Diego, California",2020-05-12,1093557,1999,77.38758751646375
146,146,FANG,Diamondback Energy,reports,Energy,Oil & Gas Exploration & Production,"Midland, Texas",2018-12-03,1539838,2007,110.59184064355487
147,147,DLR,Digital Realty Trust,reports,Real Estate,Specialized REITs,"Austin, Texas",2016-05-18,1297996,2004,17.163850996852055
148,148,DFS,Discover Financial Services,reports,Financials,Consumer Finance,"Riverwoods, Illinois",2007-07-02,1393612,1985,97.03068294292314
149,149,DISCA,Discovery (Series A),reports,Communication Services,Broadcasting,"New York City, New York",2010-03-01,1437107,1985,12.63115415657788
150,150,DISCK,Discovery (Series C),reports,Communication Services,Broadcasting,"New York City, New York",2014-08-07,1437107,1985,46.216216216216225
151,151,DISH,Dish Network,reports,Communication Services,Cable & Satellite,"Meridian, Colorado",2017-03-13,1001082,1980,54.047217537942664
152,152,DG,Dollar General,reports,Consumer Discretionary,General Merchandise Stores,"Goodlettsville, Tennessee",2012-12-03,29534,1939,21.18927070989982
153,153,DLTR,Dollar Tree,reports,Consumer Discretionary,General Merchandise Stores,"Chesapeake, Virginia",2011-12-19,935703,1986,51.866774106903044
154,154,D,Dominion Energy,reports,Utilities,Electric Utilities,"Richmond, Virginia",,715957,1983,-11.32993237631986
155,155,DPZ,Domino's Pizza,reports,Consumer Discretionary,Restaurants,"Ann Arbor, Michigan",2020-05-12,1286681,1960,36.36725644908482
156,156,DOV,Dover Corporation,reports,Industrials,Industrial Machinery,"Downers Grove, Illinois",1985-10-31,29905,1955,107.24133796906848
157,157,DOW,Dow,reports,Materials,Commodity Chemicals,"Midland, Michigan",2019-04-01,1751788,2019,36.59313168069139
158,158,DTE,DTE Energy,reports,Utilities,Multi-Utilities,"Detroit, Michigan",1957-03-04,936340,1995,14.523376741607388
159,159,DUK,Duke Energy,reports,Utilities,Electric Utilities,"Charlotte, North Carolina",1976-06-30,1326160,1904,11.610235780534138
160,160,DRE,Duke Realty Corp,reports,Real Estate,Industrial REITs,"Indianapolis, Indiana",2017-07-26,783280,1972,56.66938331975006
161,161,DD,DuPont,reports,Materials,Specialty Chemicals,"Wilmington, Delaware",2019-04-02,1666700,2017,43.78339864624154
162,162,DXC,DXC Technology,reports,Information Technology,IT Consulting & Other Services,"Tysons Corner, Virginia",2017-04-04,1688568,2017,85.22222222222224
163,163,EMN,Eastman Chemical,reports,Materials,Diversified Chemicals,"Kingsport, Tennessee",1994-01-01,915389,1920,50.62402496099844
164,164,ETN,Eaton Corporation,reports,Industrials,Electrical Components & Equipment,"Dublin, Ireland",,1551182,1911,80.02724510112124
165,165,EBAY,eBay,reports,Consumer Discretionary,Internet & Direct Marketing Retail,"San Jose, California",2002-07-22,1065088,1995,51.39287177386316
166,166,ECL,Ecolab,reports,Materials,Specialty Chemicals,"Saint Paul, Minnesota",1989-01-31,31462,1923,2.661613521519422
167,167,EIX,Edison International,reports,Utilities,Electric Utilities,"Rosemead, California",1957-03-04,827052,1886,5.519053876478305
168,168,EW,Edwards Lifesciences,reports,Health Care,Health Care Equipment,"Irvine, California",2011-04-01,1099800,1958,55.97687239478284
169,169,EA,Electronic Arts,reports,Communication Services,Interactive Home Entertainment,"Redwood City, California",2002-07-22,712515,1982,22.92089249492901
170,170,EMR,Emerson Electric,reports,Industrials,Electrical Components & Equipment,"Ferguson, Missouri",1965-03-31,32604,1890,45.186289120715365
171,171,ENPH,Enphase Energy,reports,Information Technology,Electronic Components,"Fremont, California",2021-01-07,1463101,2006,360.92690969041945
172,172,ETR,Entergy,reports,Utilities,Electric Utilities,"New Orleans, Louisiana",1957-03-04,65984,1913,-2.0534078858575238
173,173,EOG,EOG Resources,reports,Energy,Oil & Gas Exploration & Production,"Houston, Texas",2000-11-02,821189,1999,59.90558084640027
174,174,EFX,Equifax,reports,Industrials,Research & Consulting Services,"Atlanta, Georgia",1997-06-19,33185,1899,58.234007018473925
175,175,EQIX,Equinix,reports,Real Estate,Specialized REITs,"Redwood City, California",2015-03-20,1101239,1998,15.128435040831473
176,176,EQR,Equity Residential,reports,Real Estate,Residential REITs,"Chicago, Illinois",2001-12-03,906107,1969,30.180722891566248
177,177,ESS,Essex Property Trust,reports,Real Estate,Residential REITs,"San Mateo, California",2014-04-02,920522,1971,31.963280205823548
178,178,EL,Estée Lauder Companies,reports,Consumer Staples,Personal Products,"New York City, New York",2006-01-05,1001250,1946,68.99156796802653
179,179,ETSY,Etsy,reports,Consumer Discretionary,Internet & Direct Marketing Retail,"New York City, New York",2020-09-21,1370637,2005,245.71899136178862
180,180,EVRG,Evergy,reports,Utilities,Electric Utilities,"Kansas City, Missouri",2018-06-05,1711269,1909,2.283539486203612
181,181,ES,Eversource Energy,reports,Utilities,Multi-Utilities,"Hartford, Connecticut",,72741,1966,-5.282015718908915
182,182,RE,Everest Re,reports,Financials,Reinsurance,"Hamilton, Bermuda",2017-06-19,1095073,1973,21.224851701297887
183,183,EXC,Exelon,reports,Utilities,Multi-Utilities,"Chicago, Illinois",1957-03-04,1109357,2000,34.78691774033697
184,184,EXPE,Expedia Group,reports,Consumer Discretionary,Internet & Direct Marketing Retail,"Seattle, Washington",2007-10-02,1324424,1996,92.25231033741672
185,185,EXPD,Expeditors,reports,Industrials,Air Freight & Logistics,"Seattle, Washington",2007-10-10,746515,1979,64.50204055441478
186,186,EXR,Extra Space Storage,reports,Real Estate,Specialized REITs,"Salt Lake City, Utah",2016-01-19,1289490,1977,91.56184439713567
187,187,XOM,ExxonMobil,reports,Energy,Integrated Oil & Gas,"Irving, Texas",1957-03-04,34088,1999,20.233609645817637
188,188,FFIV,F5 Networks,reports,Information Technology,Communications Equipment,"Seattle, Washington",2010-12-20,1048695,1996,58.0887419043682
189,189,FAST,Fastenal,reports,Industrials,Building Products,"Winona, Minnesota",2008-09-15,815556,1967,41.209563994374136
190,190,FRT,Federal Realty Investment Trust,reports,Real Estate,Retail REITs,"Rockville, Maryland",2016-02-01,34903,1962,27.91116446578632
191,191,FDX,FedEx,reports,Industrials,Air Freight & Logistics,"Memphis, Tennessee",1980-12-31,1048911,1971,78.5247044142673
192,192,FIS,Fidelity National Information Services,reports,Information Technology,Data Processing & Outsourced Services,"Jacksonville, Florida",2006-11-10,1136893,1968,-18.31970935068782
193,193,FITB,Fifth Third Bancorp,reports,Financials,Regional Banks,"Cincinnati, Ohio",,35527,1858,88.20774797786295
194,194,FE,FirstEnergy,reports,Utilities,Electric Utilities,"Akron, Ohio",,1031296,1997,-9.868269008550966
195,195,FRC,First Republic Bank,reports,Financials,Regional Banks,"San Francisco, California",2019-01-02,1132979,1985,82.46607276663059
196,196,FISV,Fiserv,reports,Information Technology,Data Processing & Outsourced Services,"Brookfield, Wisconsin",2001-04-02,798354,1984,-7.968963943404843
197,197,FLT,Fleetcor,reports,Information Technology,Data Processing & Outsourced Services,"Norcross, Georgia",2018-06-20,1175454,2000,-14.485002106185668
198,198,FMC,FMC Corporation,reports,Materials,Fertilizers & Agricultural Chemicals,"Philadelphia, Pennsylvania",2009-08-19,37785,1883,2.790427284177899
199,199,F,Ford,reports,Consumer Discretionary,Automobile Manufacturers,"Dearborn, Michigan",1957-03-04,37996,1903,165.66757493188013
200,200,FTNT,Fortinet,reports,Information Technology,Systems Software,"Sunnyvale, California",2018-10-11,1262039,2000,143.57204584282462
201,201,FTV,Fortive,reports,Industrials,Industrial Machinery,"Everett, Washington",2016-07-01,1659166,2016,32.42988789408045
202,202,FBHS,Fortune Brands Home & Security,reports,Industrials,Building Products,"Deerfield, Illinois",2016-06-22,1519751,2011 (1969),63.143382352941174
203,203,FOXA,Fox Corporation (Class A),reports,Communication Services,Movies & Entertainment,"New York City, New York",2013-07-01,1754301,2019,33.22528363047002
204,204,FOX,Fox Corporation (Class B),reports,Communication Services,Movies & Entertainment,"New York City, New York",2015-09-18,1754301,2019,26.11570247933884
205,205,BEN,Franklin Resources,reports,Financials,Asset Management & Custody Banks,"San Mateo, California",,38777,1947,58.193832599118934
206,206,FCX,Freeport-McMoRan,reports,Materials,Copper,"Phoenix, Arizona",,831259,1912,279.6500920810313
207,207,GPS,Gap,reports,Consumer Discretionary,Apparel Retail,"San Francisco, California",1986-08-31,39911,1969,101.6246953696182
208,208,GRMN,Garmin,reports,Consumer Discretionary,Consumer Electronics,"Schaffhausen, Switzerland",2012-12-12,1121788,1989,48.22335025380711
209,209,IT,Gartner,reports,Information Technology,IT Consulting & Other Services,"Stamford, Connecticut",2017-04-05,749251,1979,145.95556296296297
210,210,GNRC,Generac Holdings,reports,Industrials,Electrical Components & Equipment,"Waukesha, Wisconsin",2021-03-22,1474735,1959,289.157885569973
211,211,GD,General Dynamics,reports,Industrials,Aerospace & Defense,"Falls Church, Virginia",1957-03-04,40533,1899,23.887313524842806
212,212,GE,General Electric,reports,Industrials,Industrial Conglomerates,"Boston, Massachusetts",,40545,1892,70.66941624365482
213,213,GIS,General Mills,reports,Consumer Staples,Packaged Foods & Meats,"Golden Valley, Minnesota",1969-03-31,40704,1856,3.672131147540987
214,214,GM,General Motors,reports,Consumer Discretionary,Automobile Manufacturers,"Detroit, Michigan",2013-06-06,1467858,1908,107.1218556027442
215,215,GPC,Genuine Parts,reports,Consumer Discretionary,Specialty Stores,"Atlanta, Georgia",1973-12-31,40987,1925,47.290853922843496
216,216,GILD,Gilead Sciences,reports,Health Care,Biotechnology,"Foster City, California",2004-07-01,882095,1987,-12.078175895765467
217,217,GL,Globe Life,reports,Financials,Life & Health Insurance,"McKinney, Texas",1989-04-30,320335,1900,9.89292364990689
218,218,GPN,Global Payments,reports,Information Technology,Data Processing & Outsourced Services,"Atlanta, Georgia",2016-04-25,1123360,2000,-30.49630044859032
219,219,GS,Goldman Sachs,reports,Financials,Investment Banking & Brokerage,"New York City, New York",2002-07-22,886982,1869,85.80671806167403
220,220,GWW,W. W. Grainger,reports,Industrials,Industrial Machinery,"Lake Forest, Illinois",1981-06-30,277135,1927,51.73001430257455
221,221,HAL,Halliburton,reports,Energy,Oil & Gas Equipment & Services,"Houston, Texas",1957-03-04,45012,1919,136.88442211055278
222,222,HBI,Hanesbrands,reports,Consumer Discretionary,"Apparel, Accessories & Luxury Goods","Winston-Salem, North Carolina",2015-03-20,1359841,2000,36.37770897832818
223,223,HIG,The Hartford,reports,Financials,Property & Casualty Insurance,"Hartford, Connecticut",1957-03-04,874766,1810,53.739018641525604
224,224,HAS,Hasbro,reports,Consumer Discretionary,Leisure Products,"Pawtucket, Rhode Island",1984-09-30,46080,1923,51.965335809346946
225,225,HCA,HCA Healthcare,reports,Health Care,Health Care Facilities,"Nashville, Tennessee",2015-01-27,860730,1968,112.24472135687088
226,226,PEAK,Healthpeak Properties,reports,Real Estate,Health Care REITs,"Long Beach, California",2008-03-31,765880,1985,15.19591141396934
227,227,HSIC,Henry Schein,reports,Health Care,Health Care Distributors,"Melville, New York",2015-03-17,1000228,1932,20.385842321130188
228,228,HSY,The Hershey Company,reports,Consumer Staples,Packaged Foods & Meats,"Hershey, Pennsylvania",1957-03-04,47111,1894,31.19462492616657
229,229,HES,Hess Corporation,reports,Energy,Integrated Oil & Gas,"New York City, New York",1984-05-31,4447,1919,44.0995967034894
230,230,HPE,Hewlett Packard Enterprise,reports,Information Technology,"Technology Hardware, Storage & Peripherals","Houston, Texas",2015-11-02,1645590,2015,31.773177317731786
231,231,HLT,Hilton Worldwide,reports,Consumer Discretionary,"Hotels, Resorts & Cruise Lines","Tysons Corner, Virginia",2017-06-19,1585689,1919,64.52981651376146
232,232,HOLX,Hologic,reports,Health Care,Health Care Equipment,"Marlborough, Massachusetts",2016-03-30,859737,1985,40.316733447815324
233,233,HD,Home Depot,reports,Consumer Discretionary,Home Improvement Retail,"Atlanta, Georgia",1988-03-31,354950,1978,46.18674563306181
234,234,HON,Honeywell,reports,Industrials,Industrial Conglomerates,"Charlotte, North Carolina",1964-03-31,773840,1906,37.813720022308964
235,235,HRL,Hormel,reports,Consumer Staples,Packaged Foods & Meats,"Austin, Minnesota",2009-03-04,48465,1891,-9.541666666666663
236,236,HST,Host Hotels & Resorts,reports,Real Estate,Hotel & Resort REITs,"Bethesda, Maryland",2007-03-20,1070750,1993,27.55174875089223
237,237,HWM,Howmet Aerospace,reports,Industrials,Aerospace & Defense,"Pittsburgh, Pennsylvania",1964-03-31,4281,2016,86.30536130536129
238,238,HPQ,HP,reports,Information Technology,"Technology Hardware, Storage & Peripherals","Palo Alto, California",1974-12-31,47217,1939 (2015),82.76852383687536
239,239,HUM,Humana,reports,Health Care,Managed Health Care,"Louisville, Kentucky",,49071,1961,14.251275182149367
240,240,HBAN,Huntington Bancshares,reports,Financials,Regional Banks,"Columbus, Ohio; Detroit, Michigan",,49196,1866,47.86169244767971
241,241,HII,Huntington Ingalls Industries,reports,Industrials,Aerospace & Defense,"Newport News, Virginia",2018-01-03,1501585,2011,-5.208080900030556
242,242,IEX,IDEX Corporation,reports,Industrials,Industrial Machinery,"Lake Forest, Illinois",2019-08-09,832101,1988,40.5045215197873
243,243,IDXX,Idexx Laboratories,reports,Health Care,Health Care Equipment,"Westbrook, Maine",2017-01-05,874716,1983,101.52706366581327
244,244,INFO,IHS Markit,reports,Industrials,Research & Consulting Services,"London, England",2017-06-02,1598014,1959,70.67699836867861
245,245,ITW,Illinois Tool Works,reports,Industrials,Industrial Machinery,"Glenview, Illinois",1986-02-28,49826,1912,30.46973259692678
246,246,ILMN,Illumina,reports,Health Care,Life Sciences Tools & Services,"San Diego, California",2015-11-19,1110803,1998,8.285566865820432
247,247,INCY,Incyte,reports,Health Care,Biotechnology,"Wilmington, Delaware",2017-02-28,879169,1991,-29.836381135707413
248,248,IR,Ingersoll Rand,reports,Industrials,Industrial Machinery,"Milwaukee, Wisconsin",2020-03-03,1699150,1859,75.84235860409146
249,249,INTC,Intel,reports,Information Technology,Semiconductors,"Santa Clara, California",1976-12-31,50863,1968,-21.806030463164436
250,250,ICE,Intercontinental Exchange,reports,Financials,Financial Exchanges & Data,"Atlanta, Georgia",2007-09-26,1571949,2000,38.31918004294038
251,251,IBM,IBM,reports,Information Technology,IT Consulting & Other Services,"Armonk, New York",1957-03-04,51143,1911,-9.91973345449039
252,252,IP,International Paper,reports,Materials,Paper Packaging,"Memphis, Tennessee",1957-03-04,51434,1898,26.261849859082755
253,253,IPG,Interpublic Group,reports,Communication Services,Advertising,"New York City, New York",1992-10-01,51644,1961 (1930),87.80361757105943
254,254,IFF,International Flavors & Fragrances,reports,Materials,Specialty Chemicals,"New York City, New York",1976-03-31,51253,1958 (1889),10.677498911939647
255,255,INTU,Intuit,reports,Information Technology,Application Software,"Mountain View, California",2000-12-05,896878,1983,117.62174577840918
256,256,ISRG,Intuitive Surgical,reports,Health Care,Health Care Equipment,"Sunnyvale, California",2008-06-02,1035267,1995,-40.12248059716445
257,257,IVZ,Invesco,reports,Financials,Asset Management & Custody Banks,"Atlanta, Georgia",2008-08-21,914208,1935,151.29682997118155
258,258,IPGP,IPG Photonics,reports,Information Technology,Electronic Manufacturing Services,"Oxford, Massachusetts",2018-03-07,1111928,1990,0.35994571310557244
259,259,IQV,IQVIA,reports,Health Care,Life Sciences Tools & Services,"Durham, North Carolina",2017-08-29,1478242,1982,70.2633975130365
260,260,IRM,Iron Mountain,reports,Real Estate,Specialized REITs,"Boston, Massachusetts",2009-01-06,1020569,1951,60.04712218108379
261,261,JKHY,Jack Henry & Associates,reports,Information Technology,Data Processing & Outsourced Services,"Monett, Missouri",2018-11-13,779152,1976,-12.303324623339075
262,262,J,Jacobs Engineering Group,reports,Industrials,Construction & Engineering,"Dallas, Texas",2007-10-26,52988,1947,63.283179878733414
263,263,JBHT,J. B. Hunt,reports,Industrials,Trucking,"Lowell, Arkansas",2015-07-01,728535,1961,64.99089779691901
264,264,SJM,JM Smucker,reports,Consumer Staples,Packaged Foods & Meats,"Orrville, Ohio",2008-11-06,91419,1897,18.298585256887563
265,265,JNJ,Johnson & Johnson,reports,Health Care,Pharmaceuticals,"New Brunswick, New Jersey",1973-06-30,200406,1886,12.023075356415461
266,266,JCI,Johnson Controls,reports,Industrials,Building Products,"Cork, Ireland",2010-08-27,833444,1885,116.9209431345354
267,267,JPM,JPMorgan Chase,reports,Financials,Diversified Banks,"New York City, New York",1975-06-30,19617,2000 (1799 / 1871),50.013485570439634
268,268,JNPR,Juniper Networks,reports,Information Technology,Communications Equipment,"Sunnyvale, California",2006-06-02,1043604,1996,28.893360160965795
269,269,KSU,Kansas City Southern,reports,Industrials,Railroads,"Kansas City, Missouri",2013-05-24,54480,1887,91.28322465551182
270,270,K,Kellogg's,reports,Consumer Staples,Packaged Foods & Meats,"Battle Creek, Michigan",1989-09-11,55067,1906,-3.6574215178299383
271,271,KEY,KeyCorp,reports,Financials,Regional Banks,"Cleveland, Ohio",1994-03-01,91576,1825,65.45329670329669
272,272,KEYS,Keysight Technologies,reports,Information Technology,Electronic Equipment & Instruments,"Santa Rosa, California",2018-11-06,1601046,2014,75.37825392350344
273,273,KMB,Kimberly-Clark,reports,Consumer Staples,Household Products,"Irving, Texas",1957-03-04,55785,1872,-3.8555427914991416
274,274,KIM,Kimco Realty,reports,Real Estate,Retail REITs,"New Hyde Park, New York",2006-04-04,879101,1958,54.66491458607095
275,275,KMI,Kinder Morgan,reports,Energy,Oil & Gas Storage & Transportation,"Houston, Texas",2012-05-25,1506307,1997,-0.23923444976076047
276,276,KLAC,KLA Corporation,reports,Information Technology,Semiconductor Equipment,"Milpitas, California",,319201,1975/1977 (1997),114.713216957606
277,277,KHC,Kraft Heinz,reports,Consumer Staples,Packaged Foods & Meats,"Chicago, Illinois; Pittsburgh, Pennsylvania",2015-07-06,1637459,2015 (1869),14.10177805027591
278,278,KR,Kroger,reports,Consumer Staples,Food Retail,"Cincinnati, Ohio",1957-03-04,56873,1883,30.63423645320198
279,279,LHX,L3Harris Technologies,reports,Industrials,Aerospace & Defense,"Melbourne, Florida",2008-09-22,202058,2019 (1895),7.53160540830771
280,280,LH,LabCorp,reports,Health Care,Health Care Services,"Burlington, North Carolina",2004-11-01,920148,1978,65.3666370665051
281,281,LRCX,Lam Research,reports,Information Technology,Semiconductor Equipment,"Fremont, California",2012-06-29,707549,1980,104.78156877930053
282,282,LW,Lamb Weston,reports,Consumer Staples,Packaged Foods & Meats,"Eagle, Idaho",2018-12-03,1679273,2016 (1950),-20.687719298245618
283,283,LVS,Las Vegas Sands,reports,Consumer Discretionary,Casinos & Gaming,"Las Vegas, Nevada",2019-10-03,1300514,1988,-25.05191617896922
284,284,LEG,Leggett & Platt,reports,Consumer Discretionary,Home Furnishings,"Carthage, Missouri",1999-10-14,58492,1883,19.919246298788693
285,285,LDOS,Leidos,reports,Industrials,Diversified Support Services,"Reston, Virginia",2019-08-09,1336920,1969,-11.768033946251773
286,286,LEN,Lennar,reports,Consumer Discretionary,Homebuilding,"Miami, Florida",2005-10-04,920760,1954,69.87913985245645
287,287,LLY,Eli Lilly,reports,Health Care,Pharmaceuticals,"Indianapolis, Indiana",1970-12-31,59478,1876,74.01646846615719
288,288,LNC,Lincoln National,reports,Financials,Multi-line Insurance,"Radnor, Pennsylvania",1976-06-30,59558,1905,55.93399619208798
289,289,LIN,Linde,reports,Materials,Industrial Gases,"Guildford, England",1992-07-01,1707925,1879,52.30476771511207
290,290,LYV,Live Nation Entertainment,reports,Communication Services,Movies & Entertainment,"Beverly Hills, California",2019-12-23,1335258,2010,97.19101123595505
291,291,LKQ,LKQ Corporation,reports,Consumer Discretionary,Distributors,"Chicago, Illinois",2016-05-23,1065696,1998,93.32892998678996
292,292,LMT,Lockheed Martin,reports,Industrials,Aerospace & Defense,"Bethesda, Maryland",1984-07-31,936468,1995,-17.453438831405965
293,293,L,Loews Corporation,reports,Financials,Multi-line Insurance,"New York City, New York",,60086,1959,45.95701125895599
294,294,LOW,Lowe's,reports,Consumer Discretionary,Home Improvement Retail,"Mooresville, North Carolina",1984-02-29,60667,1904/1946/1959,80.43827594105521
295,295,LUMN,Lumen Technologies,reports,Communication Services,Alternative Carriers,"Monroe, Louisiana",1999-03-25,18926,1983 (1877),31.54486586493987
296,296,LYB,LyondellBasell,reports,Materials,Specialty Chemicals,"Rotterdam, Netherlands",2012-09-05,1489393,2007,27.407506344330166
297,297,MTB,M&T Bank,reports,Financials,Regional Banks,"Buffalo, New York",2004-02-23,36270,1856,29.659367396593684
298,298,MRO,Marathon Oil,reports,Energy,Oil & Gas Exploration & Production,"Houston, Texas",1991-05-01,101778,1887,127.8688524590164
299,299,MPC,Marathon Petroleum,reports,Energy,Oil & Gas Refining & Marketing,"Findlay, Ohio",2011-07-01,1510295,2009 (1887),58.32531280076996
300,300,MKTX,MarketAxess,reports,Financials,Financial Exchanges & Data,"New York City, New York",2019-07-01,1278021,2000,-21.27555823599025
301,301,MAR,Marriott International,reports,Consumer Discretionary,"Hotels, Resorts & Cruise Lines","Bethesda, Maryland",,1048286,1927,44.94257132271212
302,302,MMC,Marsh & McLennan,reports,Financials,Insurance Brokers,"New York City, New York",1987-08-31,62709,1905,49.52013633509731
303,303,MLM,Martin Marietta Materials,reports,Materials,Construction Materials,"Raleigh, North Carolina",2014-07-02,916076,1993,86.11099170966558
304,304,MAS,Masco,reports,Industrials,Building Products,"Livonia, Michigan",1981-06-30,62996,1929,37.17869627801766
305,305,MA,Mastercard,reports,Information Technology,Data Processing & Outsourced Services,"Harrison, New York",2008-07-18,1141391,1966,16.55123765550853
306,306,MTCH,Match Group,reports,Communication Services,Interactive Media & Services,"Dallas, Texas",2021-09-20,891103,1986,63.114663114663095
307,307,MKC,McCormick & Company,reports,Consumer Staples,Packaged Foods & Meats,"Hunt Valley, Maryland",2003-03-20,63754,1889,-4.279107885031904
308,308,MCD,McDonald's,reports,Consumer Discretionary,Restaurants,"Chicago, Illinois",1970-06-30,63908,1940,27.140393588963274
309,309,MCK,McKesson Corporation,reports,Health Care,Health Care Distributors,"Irving, Texas",,927653,1833,39.11025863135751
310,310,MDT,Medtronic,reports,Health Care,Health Care Equipment,"Dublin, Ireland",1986-10-31,1613103,1949,16.92473539788318
311,311,MRK,Merck,reports,Health Care,Pharmaceuticals,"Kenilworth, New Jersey",1957-03-04,310158,1891,7.016784818293176
312,312,FB,Meta Platforms,reports,Communication Services,Interactive Media & Services,"Menlo Park, California",2013-12-23,1326801,2004,47.71851193829354
313,313,MET,MetLife,reports,Financials,Life & Health Insurance,"New York City, New York",,1099219,1868,57.56013745704466
314,314,MTD,Mettler Toledo,reports,Health Care,Life Sciences Tools & Services,"Columbus, Ohio",2016-09-06,1037646,1945,78.41985314051357
315,315,MGM,MGM Resorts International,reports,Consumer Discretionary,Casinos & Gaming,"Paradise, Nevada",2017-07-26,789570,1986,107.59668508287295
316,316,MCHP,Microchip Technology,reports,Information Technology,Semiconductors,"Chandler, Arizona",2007-09-07,827054,1989,51.54545454545454
317,317,MU,Micron Technology,reports,Information Technology,Semiconductors,"Boise, Idaho",1994-09-27,723125,1978,43.89426656738645
318,318,MSFT,Microsoft,reports,Information Technology,Systems Software,"Redmond, Washington",1994-06-01,789019,1975,79.87179487179489
319,319,MAA,Mid-America Apartments,reports,Real Estate,Residential REITs,"Memphis, Tennessee",2016-12-02,912595,1977,64.77016232722596
320,320,MRNA,Moderna,reports,Health Care,Biotechnology,"Cambridge, Massachusetts",2021-07-21,1682852,2010,297.3019419144183
321,321,MHK,Mohawk Industries,reports,Consumer Discretionary,Home Furnishings,"Calhoun, Georgia",2013-12-23,851968,1878,63.202954440865156
322,322,TAP,Molson Coors,reports,Consumer Staples,Brewers,"Chicago, Illinois",1976-06-30,24545,"2005 (Molson 1786, Coors 1873)",12.264150943396233
323,323,MDLZ,Mondelez International,reports,Consumer Staples,Packaged Foods & Meats,"Chicago, Illinois",2012-10-02,1103982,2012,19.51265943270512
324,324,MPWR,Monolithic Power Systems,reports,Information Technology,Semiconductors,"Kirkland, Washington",2021-02-12,1280452,1997,138.89859404204103
325,325,MNST,Monster Beverage,reports,Consumer Staples,Soft Drinks,"Corona, California",2012-06-28,865752,2012 (1935),27.453966495915818
326,326,MCO,Moody's,reports,Financials,Financial Exchanges & Data,"New York City, New York",,1059556,1909,38.73216418177268
327,327,MS,Morgan Stanley,reports,Financials,Investment Banking & Brokerage,"New York City, New York",,895421,1935,101.5949929335756
328,328,MOS,The Mosaic Company,reports,Materials,Fertilizers & Agricultural Chemicals,"Tampa, Florida",2011-09-26,1285785,2004 (1865 / 1909),165.17730496453902
329,329,MSI,Motorola Solutions,reports,Information Technology,Communications Equipment,"Chicago, Illinois",,68505,1928 (2011),61.28288398222476
330,330,MSCI,MSCI,reports,Financials,Financial Exchanges & Data,"New York City, New York",2018-04-04,1408198,1969,97.22256104932296
331,331,NDAQ,Nasdaq,reports,Financials,Financial Exchanges & Data,"New York City, New York",2008-10-22,1120193,1971,73.82819015846538
332,332,NTAP,NetApp,reports,Information Technology,"Technology Hardware, Storage & Peripherals","Sunnyvale, California",1999-06-25,1002047,1992,86.82896379525593
333,333,NFLX,Netflix,reports,Communication Services,Movies & Entertainment,"Los Gatos, California",2010-12-20,1065280,1997,62.68111862056439
334,334,NWL,Newell Brands,reports,Consumer Discretionary,Housewares & Specialties,"Atlanta, Georgia",1989-04-30,814453,1903,47.92682926829271
335,335,NEM,Newmont,reports,Materials,Gold,"Denver, Colorado",1969-06-30,1164727,1921,7.249817384952518
336,336,NWSA,News Corp (Class A),reports,Communication Services,Publishing,"New York City, New York",2013-08-01,1564708,2013 (1980),83.71913580246911
337,337,NWS,News Corp (Class B),reports,Communication Services,Publishing,"New York City, New York",2015-09-18,1564708,2013 (1980),82.36196319018407
338,338,NEE,NextEra Energy,reports,Utilities,Multi-Utilities,"Juno Beach, Florida",1976-06-30,753308,1984 (1925),35.718216840946624
339,339,NLSN,Nielsen Holdings,reports,Industrials,Research & Consulting Services,"New York City, New York",2013-07-09,1492633,1923,29.704797047970466
340,340,NKE,Nike,reports,Consumer Discretionary,"Apparel, Accessories & Luxury Goods","Washington County, Oregon",1988-11-30,320187,1964,64.62856586505697
341,341,NI,NiSource,reports,Utilities,Multi-Utilities,"Merrillville, Indiana",,1111711,1912,11.914323962516725
342,342,NSC,Norfolk Southern,reports,Industrials,Railroads,"Norfolk, Virginia",1957-03-04,702165,1881/1894 (1980),41.87387387387386
343,343,NTRS,Northern Trust,reports,Financials,Asset Management & Custody Banks,"Chicago, Illinois",,73124,1889,38.147739801543544
344,344,NOC,Northrop Grumman,reports,Industrials,Aerospace & Defense,"West Falls Church, Virginia",1985-06-30,1133421,"1994 (Northrop 1939, Grumman 1930)",5.130072928089072
345,345,NLOK,NortonLifeLock,reports,Information Technology,Application Software,"Tempe, Arizona",2003-03-25,849399,1982,21.28266033254157
346,346,NCLH,Norwegian Cruise Line Holdings,reports,Consumer Discretionary,"Hotels, Resorts & Cruise Lines","Miami, Florida",2017-10-13,1513761,2011 (1966),14.266607222469904
347,347,NRG,NRG Energy,reports,Utilities,Independent Power Producers & Energy Traders,"Houston, Texas",2010-01-29,1013871,1992,-2.777777777777767
348,348,NUE,Nucor,reports,Materials,Steel,"Charlotte, North Carolina",1985-04-30,73309,1940,146.84407301517484
349,349,NVDA,Nvidia,reports,Information Technology,Semiconductors,"Santa Clara, California",2001-11-30,1045810,1993,240.69505605381164
350,350,NVR,NVR,reports,Consumer Discretionary,Homebuilding,"Reston, Virginia",2019-09-26,906163,1980,50.49282754728551
351,351,NXPI,NXP,reports,Information Technology,Semiconductors,"Eindhoven, Netherlands",2021-03-22,1413447,1953,91.37235108065367
352,352,ORLY,O'Reilly Automotive,reports,Consumer Discretionary,Specialty Stores,"Springfield, Missouri",2009-03-27,898173,1957,53.53204746789571
353,353,OXY,Occidental Petroleum,reports,Energy,Oil & Gas Exploration & Production,"Houston, Texas",1982-12-31,797468,1920,54.30495430495431
354,354,ODFL,Old Dominion Freight Line,reports,Industrials,Trucking,"Thomasville, North Carolina",2019-12-09,878927,1934,110.68207274656606
355,355,OMC,Omnicom Group,reports,Communication Services,Advertising,"New York City, New York",,29989,1986,13.40901612372492
356,356,OKE,Oneok,reports,Energy,Oil & Gas Storage & Transportation,"Tulsa, Oklahoma",2010-03-15,1039684,1906,39.11797133406836
357,357,ORCL,Oracle,reports,Information Technology,Application Software,"Austin, Texas",1989-08-31,1341439,1977,73.28640237124863
358,358,OGN,Organon & Co.,reports,Health Care,Pharmaceuticals,"Jersey City, New Jersey",2021-06-03,1821825,2021,12.602829438456046
359,359,OTIS,Otis Worldwide,reports,Industrials,Industrial Machinery,"Farmington, Connecticut",2020-04-03,1781335,2020 (1853),46.201126856752595
360,360,PCAR,Paccar,reports,Industrials,Construction Machinery & Heavy Trucks,"Bellevue, Washington",1980-12-31,75362,1905,15.253367543296985
361,361,PKG,Packaging Corporation of America,reports,Materials,Paper Packaging,"Lake Forest, Illinois",2017-07-26,75677,1959,22.187047756874094
362,362,PH,Parker-Hannifin,reports,Industrials,Industrial Machinery,"Cleveland, Ohio",1985-11-30,76334,1917,70.88769506267589
363,363,PAYX,Paychex,reports,Information Technology,Data Processing & Outsourced Services,"Penfield, New York",,723531,1971,55.6527170518426
364,364,PAYC,Paycom,reports,Information Technology,Application Software,"Oklahoma City, Oklahoma",2020-01-28,1590955,1998,48.65667717872521
365,365,PYPL,PayPal,reports,Information Technology,Data Processing & Outsourced Services,"San Jose, California",2015-07-20,1633917,1998,33.52564102564103
366,366,PENN,Penn National Gaming,reports,Consumer Discretionary,Casinos & Gaming,"Wyomissing, Pennsylvania",2021-03-22,921738,1972,61.625971143174255
367,367,PNR,Pentair,reports,Industrials,Industrial Machinery,"Worsley, England",2012-10-01,77360,1966,81.12756808408982
368,368,PBCT,People's United Financial,reports,Financials,Thrifts & Mortgage Finance,"Bridgeport, Connecticut",2008-11-13,1378946,1842,37.24907063197028
369,369,PEP,PepsiCo,reports,Consumer Staples,Soft Drinks,"Purchase, New York",1957-03-04,77476,1898,22.8103216550891
370,370,PKI,PerkinElmer,reports,Health Care,Health Care Equipment,"Waltham, Massachusetts",1985-05-31,31791,1937,75.85249042145594
371,371,PFE,Pfizer,reports,Health Care,Pharmaceuticals,"New York City, New York",1957-03-04,78003,1849,45.638844366166445
372,372,PM,Philip Morris International,reports,Consumer Staples,Tobacco,"New York City, New York",2008-03-31,1413329,2008 (1847),24.832037939665405
373,373,PSX,Phillips 66,reports,Energy,Oil & Gas Refining & Marketing,"Houston, Texas",2012-05-01,1534701,2012 (1917),-11.361556064073234
374,374,PNW,Pinnacle West Capital,reports,Utilities,Multi-Utilities,"Phoenix, Arizona",,764622,1985,-16.729654824892922
375,375,PXD,Pioneer Natural Resources,reports,Energy,Oil & Gas Exploration & Production,"Irving, Texas",2008-09-24,1038357,1997,65.24484624402562
376,376,PNC,PNC Financial Services,reports,Financials,Regional Banks,"Pittsburgh, Pennsylvania",1988-04-30,713676,1845,59.03303913145357
377,377,POOL,Pool Corporation,reports,Consumer Discretionary,Distributors,"Covington, Louisiana",2020-10-07,945841,1993,120.70778473188072
378,378,PPG,PPG Industries,reports,Materials,Specialty Chemicals,"Pittsburgh, Pennsylvania",1957-03-04,79879,1883,41.85168933742868
379,379,PPL,PPL,reports,Utilities,Electric Utilities,"Allentown, Pennsylvania",,922224,1920,-4.7936085219706985
380,380,PFG,Principal Financial Group,reports,Financials,Life & Health Insurance,"Des Moines, Iowa",2002-07-22,1126328,1879,47.90648246546229
381,381,PG,Procter & Gamble,reports,Consumer Staples,Personal Products,"Cincinnati, Ohio",1957-03-04,80424,1837,23.857010056621316
382,382,PGR,Progressive Corporation,reports,Financials,Property & Casualty Insurance,"Mayfield Village, Ohio",1997-08-04,80661,1937,17.466715524612187
383,383,PLD,Prologis,reports,Real Estate,Industrial REITs,"San Francisco, California",2003-07-17,1045609,1983,55.48009612370704
384,384,PRU,Prudential Financial,reports,Financials,Life & Health Insurance,"Newark, New Jersey",2002-07-22,1137774,1875,59.9739997111079
385,385,PTC,PTC,reports,Information Technology,Application Software,"Boston, Massachusetts",2021-04-20,857005,1985,45.48602818246955
386,386,PEG,Public Service Enterprise Group,reports,Utilities,Electric Utilities,"Newark, New Jersey",1957-03-04,788784,1903,16.24906507105461
387,387,PSA,Public Storage,reports,Real Estate,Specialized REITs,"Glendale, California",2005-08-19,1393311,1972,59.509613800455476
388,388,PHM,PulteGroup,reports,Consumer Discretionary,Homebuilding,"Atlanta, Georgia",1984-04-30,822416,1956,39.869281045751634
389,389,PVH,PVH,reports,Consumer Discretionary,"Apparel, Accessories & Luxury Goods","New York City, New York",2013-02-15,78239,1881,91.6812749003984
390,390,QRVO,Qorvo,reports,Information Technology,Semiconductors,"Greensboro, North Carolina",2015-06-11,1604778,2015,38.75680816114809
391,391,PWR,Quanta Services,reports,Industrials,Construction & Engineering,"Houston, Texas",2009-07-01,1050915,1997,175.96131163010145
392,392,QCOM,Qualcomm,reports,Information Technology,Semiconductors,"San Diego, California",,804328,1985,86.26764539808018
393,393,DGX,Quest Diagnostics,reports,Health Care,Health Care Services,"Secaucus, New Jersey",2002-12-12,1022079,1967,28.09564474807857
394,394,RL,Ralph Lauren Corporation,reports,Consumer Discretionary,"Apparel, Accessories & Luxury Goods","New York City, New York",2007-02-02,1037038,1967,39.45517472367981
395,395,RJF,Raymond James Financial,reports,Financials,Investment Banking & Brokerage,"St. Petersburg, Florida",2017-03-20,720005,1962,84.37422028680723
396,396,RTX,Raytheon Technologies,reports,Industrials,Aerospace & Defense,"Waltham, Massachusetts",,101829,1922,23.296794782850018
397,397,O,Realty Income Corporation,reports,Real Estate,Retail REITs,"San Diego, California",2015-04-07,726728,1969,16.92653914161709
398,398,REG,Regency Centers,reports,Real Estate,Retail REITs,"Jacksonville, Florida",2017-03-02,910606,1963,46.948818897637814
399,399,REGN,Regeneron Pharmaceuticals,reports,Health Care,Biotechnology,"Tarrytown, New York",2013-05-01,872589,1988,5.728644891122244
400,400,RF,Regions Financial Corporation,reports,Financials,Regional Banks,"Birmingham, Alabama",1998-08-28,1281761,1971,79.66991747936984
401,401,RSG,Republic Services,reports,Industrials,Environmental & Facilities Services,"Phoenix, Arizona",2008-12-05,1060391,1998 (1981),50.461572683794905
402,402,RMD,ResMed,reports,Health Care,Health Care Equipment,"San Diego, California",2017-07-26,943819,1989,58.42452126336732
403,403,RHI,Robert Half International,reports,Industrials,Human Resource & Employment Services,"Menlo Park, California",2000-12-05,315213,1948,101.882881326654
404,404,ROK,Rockwell Automation,reports,Industrials,Electrical Components & Equipment,"Milwaukee, Wisconsin",,1024478,1903,47.09530322353666
405,405,ROL,Rollins,reports,Industrials,Environmental & Facilities Services,"Atlanta, Georgia",2018-10-01,84839,1948,24.3034911701003
406,406,ROP,Roper Technologies,reports,Industrials,Industrial Conglomerates,"Sarasota, Florida",2009-12-23,882835,1981,20.180869333978986
407,407,ROST,Ross Stores,reports,Consumer Discretionary,Apparel Retail,"Dublin, California",2009-12-21,745732,1982,12.70491803278688
408,408,RCL,Royal Caribbean Group,reports,Consumer Discretionary,"Hotels, Resorts & Cruise Lines","Miami, Florida",2014-12-05,884887,1997,21.78859447004608
409,409,SPGI,S&P Global,reports,Financials,Financial Exchanges & Data,"New York City, New York",,64040,1917,35.99303776584575
410,410,CRM,Salesforce,reports,Information Technology,Application Software,"San Francisco, California",2008-09-15,1108524,1999,76.3572521279043
411,411,SBAC,SBA Communications,reports,Real Estate,Specialized REITs,"Boca Raton, Florida",2017-09-01,1034054,1989,22.211944178181092
412,412,SLB,Schlumberger,reports,Energy,Oil & Gas Equipment & Services,"Curaçao, Kingdom of the Netherlands",1965-03-31,87347,1926,48.976807639836295
413,413,STX,Seagate Technology,reports,Information Technology,"Technology Hardware, Storage & Peripherals","Dublin, Ireland",2012-07-02,1137789,1979,98.7865416436845
414,414,SEE,Sealed Air,reports,Materials,Paper Packaging,"Charlotte, North Carolina",1957-03-04,1012100,1960,88.21520068317676
415,415,SRE,Sempra Energy,reports,Utilities,Multi-Utilities,"San Diego, California",,1032208,1998,-8.73756698838231
416,416,NOW,ServiceNow,reports,Information Technology,Systems Software,"Santa Clara, California",2019-11-21,1373715,2003,77.07320537502447
417,417,SHW,Sherwin-Williams,reports,Materials,Specialty Chemicals,"Cleveland, Ohio",1964-06-30,89800,1866,69.86451228842154
418,418,SPG,Simon Property Group,reports,Real Estate,Retail REITs,"Indianapolis, Indiana",2002-06-26,1063761,2003,86.00451467268626
419,419,SWKS,Skyworks Solutions,reports,Information Technology,Semiconductors,"Woburn, Massachusetts",2015-03-12,4127,2002,20.857814336075208
420,420,SNA,Snap-on,reports,Industrials,Industrial Machinery,"Kenosha, Wisconsin",1982-09-30,91440,1920,45.36793692509856
421,421,SO,Southern Company,reports,Utilities,Electric Utilities,"Atlanta, Georgia",1957-03-04,92122,1945,5.885372112917019
422,422,LUV,Southwest Airlines,reports,Industrials,Airlines,"Dallas, Texas",1994-07-01,92380,1967,26.820324777370356
423,423,SWK,Stanley Black & Decker,reports,Industrials,Industrial Machinery,"New Britain, Connecticut",1982-09-30,93556,1843,34.076650300054574
424,424,SBUX,Starbucks,reports,Consumer Discretionary,Restaurants,"Seattle, Washington",,829224,1971,36.01168736303872
425,425,STT,State Street Corporation,reports,Financials,Asset Management & Custody Banks,"Boston, Massachusetts",,93751,1792,40.12729844413011
426,426,STE,Steris,reports,Health Care,Health Care Equipment,"Dublin, Ireland",2019-12-23,1757898,1985,41.26654871575866
427,427,SYK,Stryker Corporation,reports,Health Care,Health Care Equipment,"Kalamazoo, Michigan",2000-12-12,310764,1941,27.681978457228407
428,428,SIVB,SVB Financial,reports,Financials,Regional Banks,"Santa Clara, California",2018-03-19,719739,1983,216.28402210884357
429,429,SYF,Synchrony Financial,reports,Financials,Consumer Finance,"Stamford, Connecticut",2015-11-18,1601712,2003,96.63009404388715
430,430,SNPS,Synopsys,reports,Information Technology,Application Software,"Mountain View, California",2017-03-16,883241,1986,89.65404711154837
431,431,SYY,Sysco,reports,Consumer Staples,Food Distributors,"Houston, Texas",1986-12-31,96021,1969,23.737619743464833
432,432,TMUS,T-Mobile US,reports,Communication Services,Wireless Telecommunication Services,"Bellevue, Washington",2019-07-15,1283699,1994,16.918817363789184
433,433,TROW,T. Rowe Price,reports,Financials,Asset Management & Custody Banks,"Baltimore, Maryland",,1113169,1937,69.1456189585282
434,434,TTWO,Take-Two Interactive,reports,Communication Services,Interactive Home Entertainment,"New York City, New York",2018-03-19,946581,1993,45.70630672562254
435,435,TPR,Tapestry,reports,Consumer Discretionary,"Apparel, Accessories & Luxury Goods","New York City, New York",,1116132,2017,163.02715193529755
436,436,TGT,Target,reports,Consumer Discretionary,General Merchandise Stores,"Minneapolis, Minnesota",1976-12-31,27419,1902,113.95539372994322
437,437,TEL,TE Connectivity,reports,Information Technology,Electronic Manufacturing Services,"Schaffhausen, Switzerland",2011-10-17,1385157,2007,80.4811072056239
438,438,TDY,Teledyne Technologies,reports,Industrials,Aerospace & Defense,"Thousand Oaks, California",2020-06-22,1094285,1960,17.867371352785142
439,439,TFX,Teleflex,reports,Health Care,Health Care Equipment,"Wayne, Pennsylvania",2019-01-18,96943,1943,-9.68187130707609
440,440,TER,Teradyne,reports,Information Technology,Semiconductor Equipment,"North Reading, Massachusetts",2020-09-21,97210,1960,90.45075560187595
441,441,TSLA,Tesla,reports,Consumer Discretionary,Automobile Manufacturers,"Palo Alto, California",2020-12-21,1318605,2003,483.4180385249418
442,442,TXN,Texas Instruments,reports,Information Technology,Semiconductors,"Dallas, Texas",,97476,1930,44.61351186853319
443,443,TXT,Textron,reports,Industrials,Aerospace & Defense,"Providence, Rhode Island",1978-12-31,217346,1923,96.90695296523519
444,444,TMO,Thermo Fisher Scientific,reports,Health Care,Life Sciences Tools & Services,"Waltham, Massachusetts",2004-08-03,97745,2006 (1902),79.34782102349459
445,445,TJX,TJX Companies,reports,Consumer Discretionary,Apparel Retail,"Framingham, Massachusetts",1985-09-30,109198,1987,20.153684945860984
446,446,TSCO,Tractor Supply Company,reports,Consumer Discretionary,Specialty Stores,"Brentwood, Tennessee",2014-01-24,916365,1938,81.08572832227954
447,447,TT,Trane Technologies,reports,Industrials,Building Products,"Dublin, Ireland",2010-11-17,1466258,1871,89.10891089108911
448,448,TDG,TransDigm Group,reports,Industrials,Aerospace & Defense,"Cleveland, Ohio",2016-06-03,1260221,1993,31.01593381963406
449,449,TRV,The Travelers Companies,reports,Financials,Property & Casualty Insurance,"New York City, New York",2002-08-21,86312,1853,26.584110646510123
450,450,TRMB,Trimble,reports,Information Technology,Electronic Equipment & Instruments,"Sunnyvale, California",2021-01-21,864749,1978,92.13209219858156
451,451,TFC,Truist Financial,reports,Financials,Regional Banks,"Charlotte, North Carolina",1997-12-04,92230,1872,41.50304671631686
452,452,TWTR,Twitter,reports,Communication Services,Interactive Media & Services,"San Francisco, California",2018-06-07,1418091,2006,49.842271293375404
453,453,TYL,Tyler Technologies,reports,Information Technology,Application Software,"Plano, Texas",2020-06-22,860731,1966,53.4999903328402
454,454,TSN,Tyson Foods,reports,Consumer Staples,Packaged Foods & Meats,"Springdale, Arkansas",2005-08-10,100493,1935,25.12322858903266
455,455,UDR,UDR,reports,Real Estate,Residential REITs,"Highlands Ranch, Colorado",2016-03-07,74208,1972,34.052757793764975
456,456,ULTA,Ulta Beauty,reports,Consumer Discretionary,Specialty Stores,"Bolingbrook, Illinois",2016-04-18,1403568,1990,57.291336083782916
457,457,USB,U.S. Bancorp,reports,Financials,Diversified Banks,"Minneapolis, Minnesota",,36104,1968,42.78970970025963
458,458,UAA,Under Armour (Class A),reports,Consumer Discretionary,"Apparel, Accessories & Luxury Goods","Baltimore, Maryland",2014-05-01,1336917,1996,125.4054054054054
459,459,UA,Under Armour (Class C),reports,Consumer Discretionary,"Apparel, Accessories & Luxury Goods","Baltimore, Maryland",2016-04-08,1336917,1996,116.36178861788618
460,460,UNP,Union Pacific,reports,Industrials,Railroads,"Omaha, Nebraska",1957-03-04,100885,1862,31.169182492019683
461,461,UAL,United Airlines,reports,Industrials,Airlines,"Chicago, Illinois",2015-09-03,100517,1967,17.495873614713517
462,462,UNH,UnitedHealth Group,reports,Health Care,Managed Health Care,"Minnetonka, Minnesota",1994-07-01,731766,1977,47.18293258993321
463,463,UPS,United Parcel Service,reports,Industrials,Air Freight & Logistics,"Sandy Springs, Georgia",2002-07-22,1090727,1907,99.89685888420065
464,464,URI,United Rentals,reports,Industrials,Trading Companies & Distributors,"Stamford, Connecticut",2014-09-20,1067701,1997,137.33266608824985
465,465,UHS,Universal Health Services,reports,Health Care,Health Care Facilities,"King of Prussia, Pennsylvania",2014-09-20,352915,1979,19.860754855258346
466,466,VLO,Valero Energy,reports,Energy,Oil & Gas Refining & Marketing,"San Antonio, Texas",,1035002,1980,2.5991425509110364
467,467,VTR,Ventas,reports,Real Estate,Health Care REITs,"Chicago, Illinois",2009-03-04,740260,1998,26.091980587011786
468,468,VRSN,Verisign,reports,Information Technology,Internet Services & Infrastructure,"Dulles, Virginia",2006-02-01,1014473,1995,11.723778871639535
469,469,VRSK,Verisk Analytics,reports,Industrials,Research & Consulting Services,"Jersey City, New Jersey",2015-10-08,1442145,1971,30.181183410582086
470,470,VZ,Verizon Communications,reports,Communication Services,Integrated Telecommunication Services,"New York City, New York",1983-11-30,732712,1983 (1877),-9.352268791132662
471,471,VRTX,Vertex Pharmaceuticals,reports,Health Care,Biotechnology,"Cambridge, Massachusetts",2013-09-23,875320,1989,-29.508077082313978
472,472,VFC,VF Corporation,reports,Consumer Discretionary,"Apparel, Accessories & Luxury Goods","Denver, Colorado",1979-06-30,103379,1899,12.282242717025325
473,473,VIAC,ViacomCBS,reports,Communication Services,Movies & Entertainment,"New York City, New York",,813828,2019 (1952),41.82111200644642
474,474,VTRS,Viatris,reports,Health Care,Pharmaceuticals,"Pittsburgh, Pennsylvania",2004-04-23,1792044,1961,-20.147142048670073
475,475,V,Visa,reports,Information Technology,Data Processing & Outsourced Services,"San Francisco, California",2009-12-21,1403161,1958,6.252191773959216
476,476,VNO,Vornado Realty Trust,reports,Real Estate,Office REITs,"New York City, New York",,899689,1982,4.044789762340044
477,477,VMC,Vulcan Materials,reports,Materials,Construction Materials,"Birmingham, Alabama",1999-06-30,1396009,1909,62.95818899540805
478,478,WRB,W. R. Berkley Corporation,reports,Financials,Property & Casualty Insurance,"Greenwich, Connecticut",2019-12-05,11544,1967,27.200125274036964
479,479,WAB,Wabtec,reports,Industrials,Construction Machinery & Heavy Trucks,"Pittsburgh, Pennsylvania",2019-02-27,943452,1999 (1869),37.39388794567061
480,480,WMT,Walmart,reports,Consumer Staples,Hypermarkets & Super Centers,"Bentonville, Arkansas",1982-08-31,104169,1962,21.55313425468903
481,481,WBA,Walgreens Boots Alliance,reports,Consumer Staples,Drug Retail,"Deerfield, Illinois",1979-12-31,1618921,2014,9.239250275633953
482,482,DIS,The Walt Disney Company,reports,Communication Services,Movies & Entertainment,"Burbank, California",1976-06-30,1744489,1923,27.8881589488864
483,483,WM,Waste Management,reports,Industrials,Environmental & Facilities Services,"Houston, Texas",,823768,1968,45.2584670231729
484,484,WAT,Waters Corporation,reports,Health Care,Health Care Distributors,"Milford, Massachusetts",,1000697,1958,70.79405402738016
485,485,WEC,WEC Energy Group,reports,Utilities,Electric Utilities,"Milwaukee, Wisconsin",2008-10-31,783325,1896,-4.41572428648357
486,486,WFC,Wells Fargo,reports,Financials,Diversified Banks,"San Francisco, California",1976-06-30,72971,1852,60.90937796021471
487,487,WELL,Welltower,reports,Real Estate,Health Care REITs,"Toledo, Ohio",2009-01-30,766704,1970,38.87987012987012
488,488,WST,West Pharmaceutical Services,reports,Health Care,Health Care Supplies,"Exton, Pennsylvania",2020-05-22,105770,1923,103.76706848782385
489,489,WDC,Western Digital,reports,Information Technology,"Technology Hardware, Storage & Peripherals","San Jose, California",2009-07-01,106040,1970,24.96904663640116
490,490,WU,Western Union,reports,Information Technology,Data Processing & Outsourced Services,"Englewood, Colorado",2006-09-29,1365135,1851,-25.58044806517312
491,491,WRK,WestRock,reports,Materials,Paper Packaging,"Atlanta, Georgia",,1732845,2015,52.88611544461779
492,492,WY,Weyerhaeuser,reports,Real Estate,Specialized REITs,"Seattle, Washington",,106535,1900,57.6857386848847
493,493,WHR,Whirlpool Corporation,reports,Consumer Discretionary,Household Appliances,"Benton Harbor, Michigan",,106640,1911,69.65289224312077
494,494,WMB,Williams Companies,reports,Energy,Oil & Gas Storage & Transportation,"Tulsa, Oklahoma",1975-03-31,107263,1908,35.47776726584674
495,495,WLTW,Willis Towers Watson,reports,Financials,Insurance Brokers,"London, England",2016-01-05,1140536,2016,11.653208258788258
496,496,WYNN,Wynn Resorts,reports,Consumer Discretionary,Casinos & Gaming,"Paradise, Nevada",2008-11-14,1174922,2002,-7.538628087786632
497,497,XEL,Xcel Energy,reports,Utilities,Multi-Utilities,"Minneapolis, Minnesota",1957-03-04,72903,1909,-3.2638676064970924
498,498,XLNX,Xilinx,reports,Information Technology,Semiconductors,"San Jose, California",1999-11-08,743988,1984,122.24532224532224
499,499,XYL,Xylem,reports,Industrials,Industrial Machinery,"White Plains, New York",2011-11-01,1524472,2011,79.42268041237114
500,500,YUM,Yum! Brands,reports,Consumer Discretionary,Restaurants,"Louisville, Kentucky",1997-10-06,1041061,1997,29.734769995855785
501,501,ZBRA,Zebra Technologies,reports,Information Technology,Electronic Equipment & Instruments,"Lincolnshire, Illinois",2019-12-23,877212,1969,113.23727304043499
502,502,ZBH,Zimmer Biomet,reports,Health Care,Health Care Equipment,"Warsaw, Indiana",2001-08-07,1136869,1927,-3.653559217871855
503,503,ZION,Zions Bancorp,reports,Financials,Regional Banks,"Salt Lake City, Utah",2001-06-22,109380,1873,69.5933695933696
504,504,ZTS,Zoetis,reports,Health Care,Pharmaceuticals,"Parsippany, New Jersey",2013-06-21,1555280,1952,53.78343761317905
